signature,adjustment,mde_80pct_z,mde_80pct_c_index,observed,null_mean,null_sd,n_null,excess_z,excess_lo,excess_hi,beats_null,metric,stratified,endpoint,n_events
SIG_HALLMARK_ALLOGRAFT_REJECTION,axis_residualised,0.09229274857656387,0.046015794985735436,0.517806724084751,0.5332951811516834,0.012638731532290066,1000,-0.03110378514697365,-0.09567096735323752,0.03346339705929022,False,c_index,True,PFI,328
SIG_HALLMARK_ALLOGRAFT_REJECTION,raw,0.09227093129020443,0.04600497871501351,0.521804636154412,0.5203499774598429,0.005745125585642268,1000,0.0029090801324318932,-0.061642838895247076,0.06746099916011086,False,c_index,True,PFI,328
SIG_HALLMARK_ANGIOGENESIS,axis_residualised,0.0923125323856229,0.04602560308981866,0.5516169596887086,0.528675718319216,0.01658254873522794,1000,0.04612058112829513,-0.01846044165400476,0.11070160391059503,False,c_index,True,PFI,328
SIG_HALLMARK_ANGIOGENESIS,raw,0.09228754260561463,0.04601321404582592,0.5365743706550882,0.5228320046503904,0.011403946924088063,1000,0.027559125752097374,-0.037004414403409264,0.09212266590760401,False,c_index,True,PFI,328
SIG_HALLMARK_COAGULATION,axis_residualised,0.09229808610823045,0.04601844114631983,0.5181388948205091,0.533803924359978,0.01381059915014076,1000,-0.0314695508386378,-0.09604046713436117,0.03310136545708557,False,c_index,True,PFI,328
SIG_HALLMARK_COAGULATION,raw,0.09227397645512131,0.046006488407121245,0.5037962369800935,0.522471101145989,0.007127024226657184,1000,-0.03738910452556662,-0.10194315392341083,0.027164944872277587,False,c_index,True,PFI,328
SIG_HALLMARK_COMPLEMENT,axis_residualised,0.09228847636140211,0.04601367696975475,0.5206420385792583,0.5378796592877311,0.011601193109387698,1000,-0.03463823940330188,-0.0992024328060137,0.029925953999409935,False,c_index,True,PFI,328
SIG_HALLMARK_COMPLEMENT,raw,0.09227083394685963,0.046004930455386894,0.5087787980164662,0.5236847936982467,0.005692155845674366,1000,-0.029851817846018563,-0.09440366877316332,0.034700033081126194,False,c_index,True,PFI,328
SIG_HALLMARK_E2F_TARGETS,axis_residualised,0.09227872540377365,0.04600884277719791,0.5349609699385484,0.5458638693145419,0.008810282176238476,1000,-0.021978639608787223,-0.08653601132867356,0.04257873211109911,False,c_index,True,PFI,328
SIG_HALLMARK_E2F_TARGETS,raw,0.09226982636958385,0.046004430931683854,0.5424822644553586,0.5310918807981588,0.005140835533909476,1000,0.022899239256413247,-0.04165190677867276,0.08745038529149926,False,c_index,True,PFI,328
SIG_HALLMARK_EPITHELIAL_MESENCHYMAL_TRANSITION,axis_residualised,0.09228138755266815,0.04601016258077581,0.5415213419697724,0.5421218710703015,0.009655231173019974,1000,-0.0012410216139381453,-0.06580025574940297,0.06331821252152668,False,c_index,True,PFI,328
SIG_HALLMARK_EPITHELIAL_MESENCHYMAL_TRANSITION,raw,0.09227043798508494,0.04600473415056186,0.5325645953448644,0.5287789522385934,0.005479328455713069,1000,0.0075930160374392194,-0.056958557878386155,0.07214458995326459,False,c_index,True,PFI,328
SIG_HALLMARK_G2M_CHECKPOINT,axis_residualised,0.0922800844254886,0.0460095165343798,0.5510712506228201,0.5445857119130662,0.00924800923410659,1000,0.01306027670603764,-0.0514980457732967,0.07761859918537198,False,c_index,True,PFI,328
SIG_HALLMARK_G2M_CHECKPOINT,raw,0.0922698191175608,0.046004427336368794,0.5524711130092296,0.5291583386717916,0.005138670355292725,1000,0.04694094414657686,-0.017610196815058626,0.11149208510821235,False,c_index,True,PFI,328
SIG_HALLMARK_HYPOXIA,axis_residualised,0.09228336569079443,0.046011143274480526,0.5710014947683109,0.5437680736469974,0.01022503609627996,1000,0.05517156618455084,-0.009389051838671128,0.1197321842077728,False,c_index,True,PFI,328
SIG_HALLMARK_HYPOXIA,raw,0.09227122609925978,0.04600512487163521,0.5501696443400479,0.5289232804232804,0.005883650220356574,1000,0.04275880655312846,-0.021793318720331308,0.10731093182658824,False,c_index,True,PFI,328
SIG_HALLMARK_IL2_STAT5_SIGNALING,axis_residualised,0.09228789247721662,0.046013387500113925,0.5075450209979357,0.5384010249839846,0.011453883500810067,1000,-0.06190257868158365,-0.1264663636041367,0.0026612062409693965,False,c_index,True,PFI,328
SIG_HALLMARK_IL2_STAT5_SIGNALING,raw,0.09227046691948536,0.04600474849528644,0.5005219825847629,0.5232839822525921,0.0055007574073913925,1000,-0.045563345147507255,-0.11011493930558061,0.018988249010566095,False,c_index,True,PFI,328
SIG_HALLMARK_IL6_JAK_STAT3_SIGNALING,axis_residualised,0.09230478340786608,0.04602176142838928,0.5042470401214796,0.5324102071321801,0.01515866851954412,1000,-0.05647773747772185,-0.12105333914442541,0.008097864188981715,False,c_index,True,PFI,328
SIG_HALLMARK_IL6_JAK_STAT3_SIGNALING,raw,0.09227635818864385,0.0460076691912838,0.5024319643153724,0.5222295062519278,0.008045762517354147,1000,-0.03963594493848635,-0.10419166057582054,0.024919770698847835,False,c_index,True,PFI,328
SIG_HALLMARK_INFLAMMATORY_RESPONSE,axis_residualised,0.09229782987901339,0.04601831411693995,0.504852065390182,0.5273673333807863,0.013777777694625546,1000,-0.045127400491868364,-0.10969813753192105,0.019443336548184323,False,c_index,True,PFI,328
SIG_HALLMARK_INFLAMMATORY_RESPONSE,raw,0.09227081722615949,0.04600492216581398,0.5024675540370608,0.5170027285453295,0.005689793400533271,1000,-0.02908782274191931,-0.09363966197141166,0.035464016487573045,False,c_index,True,PFI,328
SIG_HALLMARK_INTERFERON_ALPHA_RESPONSE,axis_residualised,0.09228807355645886,0.046013477272960075,0.5120767788929224,0.54266758013619,0.01148435472591966,1000,-0.06143000340679565,-0.1259939150107685,0.00313390819717721,False,c_index,True,PFI,328
SIG_HALLMARK_INTERFERON_ALPHA_RESPONSE,raw,0.09227425123341473,0.04600662463307471,0.5064536028661589,0.5323366194509692,0.007223957189011347,1000,-0.0518692517206814,-0.11642349335096436,0.012684989909601548,False,c_index,True,PFI,328
SIG_HALLMARK_INTERFERON_GAMMA_RESPONSE,axis_residualised,0.09227869297692923,0.046008826701058825,0.5053384582532564,0.5447008565259687,0.008802409649141904,1000,-0.07899162156109735,-0.14354897059545307,-0.014434272526741634,False,c_index,True,PFI,328
SIG_HALLMARK_INTERFERON_GAMMA_RESPONSE,raw,0.09226952610415343,0.046004282069932644,0.5018981184900467,0.529672491517783,0.004968749365414602,1000,-0.05562442084023147,-0.12017535681230543,0.008926515131842484,False,c_index,True,PFI,328
SIG_HALLMARK_MYC_TARGETS_V1,axis_residualised,0.09227368835899963,0.046006345578623375,0.5398248985692932,0.5455819394025673,0.0069642503835789975,1000,-0.011616764057265277,-0.07617061190563709,0.05293708379110654,False,c_index,True,PFI,328
SIG_HALLMARK_MYC_TARGETS_V1,raw,0.09226968279332548,0.046004359751285515,0.547144517996536,0.5451511258215294,0.005036902702690798,1000,0.004011784202350169,-0.060539261388068435,0.06856282979276877,False,c_index,True,PFI,328
SIG_HALLMARK_TGF_BETA_SIGNALING,axis_residualised,0.09230303715945534,0.04602089570116185,0.563005670628989,0.5393194533418748,0.01479568146066449,1000,0.047814470187422436,-0.016759909819496877,0.11238885019434175,False,c_index,True,PFI,328
SIG_HALLMARK_TGF_BETA_SIGNALING,raw,0.0922819882906646,0.04601046040631092,0.5423517688091679,0.5312527226137093,0.009865286638001632,1000,0.022295837170985516,-0.042263817235413614,0.08685549157738465,False,c_index,True,PFI,328
SIG_HALLMARK_TNFA_SIGNALING_VIA_NFKB,axis_residualised,0.09228153802736952,0.04601023718103512,0.5373929342539208,0.5437339431038981,0.009695756109619622,1000,-0.01279910565131688,-0.0773584450575382,0.05176023375490443,False,c_index,True,PFI,328
SIG_HALLMARK_TNFA_SIGNALING_VIA_NFKB,raw,0.09227025987658416,0.046004645850220356,0.5263363940493986,0.528796118347688,0.005383470985577644,1000,-0.004941146758671737,-0.06949259607138147,0.05961030255403801,False,c_index,True,PFI,328
