signature,group,delta_z,delta_lo,delta_hi,se,n_group,n_reference,n_strata_used,n_strata_dropped,strata,Q,df,I2_pct,heterogeneous,mde_80pct
SIG_HALLMARK_ALLOGRAFT_REJECTION,AFR,0.060135482175275194,-0.24801542413820699,0.3682863884887574,0.15722273916466692,73,241,6,602,"49, A6, B8, C5, CV, KK",2.199897239067777,5,0.0,False,0.4404729019949617
SIG_HALLMARK_ALLOGRAFT_REJECTION,ASIAN,0.418952467543891,0.1439198154101805,0.6939851196776015,0.14032536021229622,125,208,4,604,"BR, DD, DJ, G3",0.38383785509010526,3,0.0,False,0.39313345489714674
SIG_HALLMARK_ALLOGRAFT_REJECTION,AMR,0.41207694624631624,0.0061721735804881606,0.8179817189121443,0.20709807724404794,36,210,3,605,"CJ, CV, EL",5.632356647542497,2,64.49088498554796,True,0.5802029119065424
SIG_HALLMARK_ANGIOGENESIS,AFR,0.04632937560067592,-0.2618215307128063,0.3544802819141581,0.15722273916466692,73,241,6,602,"49, A6, B8, C5, CV, KK",2.7909896079815866,5,0.0,False,0.4404729019949617
SIG_HALLMARK_ANGIOGENESIS,ASIAN,0.27082532283907523,-0.0042073292946352425,0.5458579749727857,0.14032536021229622,125,208,4,604,"BR, DD, DJ, G3",4.70274290668684,3,36.20744192215369,False,0.39313345489714674
SIG_HALLMARK_ANGIOGENESIS,AMR,-0.04148286353972207,-0.44738763620555017,0.364421909126106,0.20709807724404794,36,210,3,605,"CJ, CV, EL",0.006393096455236926,2,0.0,False,0.5802029119065424
SIG_HALLMARK_COAGULATION,AFR,0.06351190302486125,-0.24463900328862093,0.37166280933834345,0.15722273916466692,73,241,6,602,"49, A6, B8, C5, CV, KK",8.909122287271176,5,43.877748685258226,False,0.4404729019949617
SIG_HALLMARK_COAGULATION,ASIAN,0.10247309861122389,-0.1725595535224866,0.37750575074493437,0.14032536021229622,125,208,4,604,"BR, DD, DJ, G3",1.0788805822253025,3,0.0,False,0.39313345489714674
SIG_HALLMARK_COAGULATION,AMR,0.04017862764015516,-0.3657261450256729,0.44608340030598326,0.20709807724404794,36,210,3,605,"CJ, CV, EL",3.5225754920815966,2,43.223360166565534,False,0.5802029119065424
SIG_HALLMARK_COMPLEMENT,AFR,0.08665851746825559,-0.2214923888452266,0.3948094237817378,0.15722273916466692,73,241,6,602,"49, A6, B8, C5, CV, KK",3.2918377351026282,5,0.0,False,0.4404729019949617
SIG_HALLMARK_COMPLEMENT,ASIAN,0.38231681158312103,0.10728415944941055,0.6573494637168316,0.14032536021229622,125,208,4,604,"BR, DD, DJ, G3",0.5266444162507964,3,0.0,False,0.39313345489714674
SIG_HALLMARK_COMPLEMENT,AMR,0.3779949034061747,-0.027909869259653386,0.7838996760720027,0.20709807724404794,36,210,3,605,"CJ, CV, EL",5.270665244401256,2,62.05412585964376,True,0.5802029119065424
SIG_HALLMARK_E2F_TARGETS,AFR,0.08786565258237822,-0.22028525373110397,0.3960165588958604,0.15722273916466692,73,241,6,602,"49, A6, B8, C5, CV, KK",7.754727347662535,5,35.52320054802284,False,0.4404729019949617
SIG_HALLMARK_E2F_TARGETS,ASIAN,0.21378339551350445,-0.06124925662020603,0.4888160476472149,0.14032536021229622,125,208,4,604,"BR, DD, DJ, G3",1.76184770761103,3,0.0,False,0.39313345489714674
SIG_HALLMARK_E2F_TARGETS,AMR,0.10914487155647946,-0.29675990110934863,0.5150496442223076,0.20709807724404794,36,210,3,605,"CJ, CV, EL",2.300991339946086,2,13.080941884515681,False,0.5802029119065424
SIG_HALLMARK_EPITHELIAL_MESENCHYMAL_TRANSITION,AFR,0.03902854812616295,-0.2691223581873192,0.34717945443964515,0.15722273916466692,73,241,6,602,"49, A6, B8, C5, CV, KK",1.0027989885962316,5,0.0,False,0.4404729019949617
SIG_HALLMARK_EPITHELIAL_MESENCHYMAL_TRANSITION,ASIAN,0.30587558071705456,0.030842928583344087,0.5809082328507651,0.14032536021229622,125,208,4,604,"BR, DD, DJ, G3",1.9658161601313646,3,0.0,False,0.39313345489714674
SIG_HALLMARK_EPITHELIAL_MESENCHYMAL_TRANSITION,AMR,-0.10936804634245235,-0.5152728190082805,0.29653672632337574,0.20709807724404794,36,210,3,605,"CJ, CV, EL",0.6109169941923209,2,0.0,False,0.5802029119065424
SIG_HALLMARK_G2M_CHECKPOINT,AFR,0.08526437075693906,-0.22288653555654314,0.39341527707042123,0.15722273916466692,73,241,6,602,"49, A6, B8, C5, CV, KK",5.002508906065134,5,0.05015295549183173,False,0.4404729019949617
SIG_HALLMARK_G2M_CHECKPOINT,ASIAN,0.2180098506352546,-0.05702280149845587,0.4930425027689651,0.14032536021229622,125,208,4,604,"BR, DD, DJ, G3",2.2729091616636956,3,0.0,False,0.39313345489714674
SIG_HALLMARK_G2M_CHECKPOINT,AMR,0.1226540921726041,-0.283250680493224,0.5285588648384322,0.20709807724404794,36,210,3,605,"CJ, CV, EL",4.037164721348637,2,50.46028244961258,False,0.5802029119065424
SIG_HALLMARK_HYPOXIA,AFR,0.12626263482322075,-0.18188827149026143,0.43441354113670294,0.15722273916466692,73,241,6,602,"49, A6, B8, C5, CV, KK",1.7036034483606957,5,0.0,False,0.4404729019949617
SIG_HALLMARK_HYPOXIA,ASIAN,0.27541373338200875,0.00038108124829827617,0.5504463855157192,0.14032536021229622,125,208,4,604,"BR, DD, DJ, G3",1.80143675053708,3,0.0,False,0.39313345489714674
SIG_HALLMARK_HYPOXIA,AMR,0.19575500313342253,-0.21014976953240555,0.6016597757992506,0.20709807724404794,36,210,3,605,"CJ, CV, EL",2.5386402167482096,2,21.217666575776683,False,0.5802029119065424
SIG_HALLMARK_IL2_STAT5_SIGNALING,AFR,0.02427530224669108,-0.28387560406679113,0.33242620856017324,0.15722273916466692,73,241,6,602,"49, A6, B8, C5, CV, KK",1.9760954818477336,5,0.0,False,0.4404729019949617
SIG_HALLMARK_IL2_STAT5_SIGNALING,ASIAN,0.40743813217357766,0.13240548003986718,0.6824707843072881,0.14032536021229622,125,208,4,604,"BR, DD, DJ, G3",1.0231567500479122,3,0.0,False,0.39313345489714674
SIG_HALLMARK_IL2_STAT5_SIGNALING,AMR,0.3409752820358466,-0.06492949062998149,0.7468800547016747,0.20709807724404794,36,210,3,605,"CJ, CV, EL",4.809389966034055,2,58.41468431287865,True,0.5802029119065424
SIG_HALLMARK_IL6_JAK_STAT3_SIGNALING,AFR,0.06094082738269435,-0.24721007893078784,0.36909173369617654,0.15722273916466692,73,241,6,602,"49, A6, B8, C5, CV, KK",3.6012588123335285,5,0.0,False,0.4404729019949617
SIG_HALLMARK_IL6_JAK_STAT3_SIGNALING,ASIAN,0.38566919990168896,0.11063654776797849,0.6607018520353994,0.14032536021229622,125,208,4,604,"BR, DD, DJ, G3",0.341543733016199,3,0.0,False,0.39313345489714674
SIG_HALLMARK_IL6_JAK_STAT3_SIGNALING,AMR,0.45128721078735484,0.04538243812152676,0.8571919834531829,0.20709807724404794,36,210,3,605,"CJ, CV, EL",6.280427283159394,2,68.15503293282472,True,0.5802029119065424
SIG_HALLMARK_INFLAMMATORY_RESPONSE,AFR,0.08560397258995354,-0.22254693372352863,0.39375487890343575,0.15722273916466692,73,241,6,602,"49, A6, B8, C5, CV, KK",2.8461007571319055,5,0.0,False,0.4404729019949617
SIG_HALLMARK_INFLAMMATORY_RESPONSE,ASIAN,0.34005199847743056,0.06501934634372009,0.615084650611141,0.14032536021229622,125,208,4,604,"BR, DD, DJ, G3",0.6335349333354052,3,0.0,False,0.39313345489714674
SIG_HALLMARK_INFLAMMATORY_RESPONSE,AMR,0.45288420614446445,0.04697943347863637,0.8587889788102925,0.20709807724404794,36,210,3,605,"CJ, CV, EL",5.447927345000191,2,63.2887908860332,True,0.5802029119065424
SIG_HALLMARK_INTERFERON_ALPHA_RESPONSE,AFR,0.017777091826921648,-0.2903738144865605,0.32592799814040385,0.15722273916466692,73,241,6,602,"49, A6, B8, C5, CV, KK",3.4630689543206614,5,0.0,False,0.4404729019949617
SIG_HALLMARK_INTERFERON_ALPHA_RESPONSE,ASIAN,0.24235709873331715,-0.032675553400393326,0.5173897508670277,0.14032536021229622,125,208,4,604,"BR, DD, DJ, G3",1.916984016377277,3,0.0,False,0.39313345489714674
SIG_HALLMARK_INTERFERON_ALPHA_RESPONSE,AMR,0.4921466639860326,0.08624189132020449,0.8980514366518606,0.20709807724404794,36,210,3,605,"CJ, CV, EL",5.961966684408823,2,66.45402254208813,True,0.5802029119065424
SIG_HALLMARK_INTERFERON_GAMMA_RESPONSE,AFR,0.010221731115023421,-0.29792917519845874,0.31837263742850563,0.15722273916466692,73,241,6,602,"49, A6, B8, C5, CV, KK",3.270597073892703,5,0.0,False,0.4404729019949617
SIG_HALLMARK_INTERFERON_GAMMA_RESPONSE,ASIAN,0.35754517248332185,0.08251252034961137,0.6325778246170324,0.14032536021229622,125,208,4,604,"BR, DD, DJ, G3",0.2632364843892721,3,0.0,False,0.39313345489714674
SIG_HALLMARK_INTERFERON_GAMMA_RESPONSE,AMR,0.5271971034336279,0.12129233076779983,0.933101876099456,0.20709807724404794,36,210,3,605,"CJ, CV, EL",7.603469803239554,2,73.69621959769111,True,0.5802029119065424
SIG_HALLMARK_MYC_TARGETS_V1,AFR,0.1066221861263112,-0.201528720187171,0.4147730924397934,0.15722273916466692,73,241,6,602,"49, A6, B8, C5, CV, KK",8.043581788649535,5,37.838637918052825,False,0.4404729019949617
SIG_HALLMARK_MYC_TARGETS_V1,ASIAN,0.2826492195899135,0.007616567456203038,0.557681871723624,0.14032536021229622,125,208,4,604,"BR, DD, DJ, G3",0.9509519587726953,3,0.0,False,0.39313345489714674
SIG_HALLMARK_MYC_TARGETS_V1,AMR,0.08970435330861144,-0.31620041935721666,0.4956091259744395,0.20709807724404794,36,210,3,605,"CJ, CV, EL",1.303880008041979,2,0.0,False,0.5802029119065424
SIG_HALLMARK_TGF_BETA_SIGNALING,AFR,0.2270321465363497,-0.08111875977713248,0.5351830528498319,0.15722273916466692,73,241,6,602,"49, A6, B8, C5, CV, KK",5.4435665562385,5,8.148454724598873,False,0.4404729019949617
SIG_HALLMARK_TGF_BETA_SIGNALING,ASIAN,0.21360212194271075,-0.06143053019099973,0.4886347740764212,0.14032536021229622,125,208,4,604,"BR, DD, DJ, G3",1.87186296932045,3,0.0,False,0.39313345489714674
SIG_HALLMARK_TGF_BETA_SIGNALING,AMR,0.2578653493805778,-0.14803942328525027,0.6637701220464058,0.20709807724404794,36,210,3,605,"CJ, CV, EL",3.905093697820744,2,48.784839628403546,False,0.5802029119065424
SIG_HALLMARK_TNFA_SIGNALING_VIA_NFKB,AFR,-0.0024891167558977454,-0.31064002306937993,0.30566178955758444,0.15722273916466692,73,241,6,602,"49, A6, B8, C5, CV, KK",2.38759564028374,5,0.0,False,0.4404729019949617
SIG_HALLMARK_TNFA_SIGNALING_VIA_NFKB,ASIAN,0.20414340508522472,-0.07088924704848576,0.4791760572189352,0.14032536021229622,125,208,4,604,"BR, DD, DJ, G3",0.7490037650862208,3,0.0,False,0.39313345489714674
SIG_HALLMARK_TNFA_SIGNALING_VIA_NFKB,AMR,0.31989814363511704,-0.08600662903071105,0.7258029163009452,0.20709807724404794,36,210,3,605,"CJ, CV, EL",5.273090412205793,2,62.071577696249335,True,0.5802029119065424
