signature,group,delta_z,delta_lo,delta_hi,se,n_group,n_reference,n_strata_used,n_strata_dropped,strata,Q,df,I2_pct,heterogeneous,mde_80pct,p,q_bh,significant_bh
SIG_HALLMARK_ALLOGRAFT_REJECTION,AFR,-0.01482244934579724,-0.11957722669497801,0.08993232800338354,0.05344729708069796,453,3196,11,20,"CESC, COAD, HNSC, KIRC, KIRP, LGG, LUAD, LUSC, PRAD, THCA, UCEC",20.61922541693668,10,51.50157293597471,True,0.14973715744937582,0.7815280124173585,0.8858897190230121,False
SIG_HALLMARK_ALLOGRAFT_REJECTION,ASIAN,0.24153779074433612,0.1110775882687729,0.37199799321989935,0.0665625508961474,353,1114,5,26,"BLCA, ESCA, LIHC, STAD, THCA",4.180040413809325,4,4.307145290139705,False,0.18648065867053867,0.0002848145327966604,0.0136710975742397,True
SIG_HALLMARK_ALLOGRAFT_REJECTION,AMR,0.08215306378390864,-0.22030063594144955,0.3846067635092668,0.15431594769652626,52,510,2,29,"CESC, THCA",0.5355082822204804,1,0.0,False,0.43232927798568194,0.5944702852326127,0.8353562395033647,False
SIG_HALLMARK_ANGIOGENESIS,AFR,0.05076842540537933,-0.05398635194380144,0.1555232027545601,0.05344729708069796,453,3196,11,20,"CESC, COAD, HNSC, KIRC, KIRP, LGG, LUAD, LUSC, PRAD, THCA, UCEC",27.54522947617892,10,63.696073003682955,True,0.14973715744937582,0.3421741158939481,0.7704525592550445,False
SIG_HALLMARK_ANGIOGENESIS,ASIAN,0.17627280467305279,0.04581260219748956,0.306733007148616,0.0665625508961474,353,1114,5,26,"BLCA, ESCA, LIHC, STAD, THCA",5.532197656432025,4,27.696003497825338,False,0.18648065867053867,0.008091495618978081,0.03883917897109479,True
SIG_HALLMARK_ANGIOGENESIS,AMR,-0.032444850777340196,-0.3348985505026984,0.27000884894801797,0.15431594769652626,52,510,2,29,"CESC, THCA",0.30667424969339996,1,0.0,False,0.43232927798568194,0.8334729477848982,0.8890378109705581,False
SIG_HALLMARK_COAGULATION,AFR,0.01398322035801701,-0.09077155699116377,0.11873799770719778,0.05344729708069796,453,3196,11,20,"CESC, COAD, HNSC, KIRC, KIRP, LGG, LUAD, LUSC, PRAD, THCA, UCEC",17.377478897133564,10,42.45425323664463,True,0.14973715744937582,0.7936095399581149,0.8858897190230121,False
SIG_HALLMARK_COAGULATION,ASIAN,0.04099815016203257,-0.08946205231353066,0.1714583526375958,0.0665625508961474,353,1114,5,26,"BLCA, ESCA, LIHC, STAD, THCA",2.7060842672400387,4,0.0,False,0.18648065867053867,0.537937962130709,0.8329361994281945,False
SIG_HALLMARK_COAGULATION,AMR,-0.08516515718284226,-0.3876188569082004,0.21728854254251592,0.15431594769652626,52,510,2,29,"CESC, THCA",0.49578643443040904,1,0.0,False,0.43232927798568194,0.5810249242186699,0.8353562395033647,False
SIG_HALLMARK_COMPLEMENT,AFR,0.04632111855732811,-0.058433658791852666,0.15107589590650888,0.05344729708069796,453,3196,11,20,"CESC, COAD, HNSC, KIRC, KIRP, LGG, LUAD, LUSC, PRAD, THCA, UCEC",21.04384451159998,10,52.480165900828105,True,0.14973715744937582,0.38612336423687044,0.7704525592550445,False
SIG_HALLMARK_COMPLEMENT,ASIAN,0.2039873921254944,0.07352718964993119,0.33444759460105766,0.0665625508961474,353,1114,5,26,"BLCA, ESCA, LIHC, STAD, THCA",2.3484040912456017,4,0.0,False,0.18648065867053867,0.002179634985766601,0.020924495863359368,True
SIG_HALLMARK_COMPLEMENT,AMR,0.05610900881902834,-0.24634469090632985,0.35856270854438654,0.15431594769652626,52,510,2,29,"CESC, THCA",0.14377271253513238,1,0.0,False,0.43232927798568194,0.7161580323617608,0.8577930081568251,False
SIG_HALLMARK_E2F_TARGETS,AFR,-0.0182543119494949,-0.12300908929867568,0.08650046539968587,0.05344729708069796,453,3196,11,20,"CESC, COAD, HNSC, KIRC, KIRP, LGG, LUAD, LUSC, PRAD, THCA, UCEC",11.610973019309178,10,13.874573790070063,False,0.14973715744937582,0.7326981944672881,0.8577930081568251,False
SIG_HALLMARK_E2F_TARGETS,ASIAN,0.1902719294610785,0.05981172698551526,0.32073213193664174,0.0665625508961474,353,1114,5,26,"BLCA, ESCA, LIHC, STAD, THCA",10.247618016327612,4,60.96653882271209,True,0.18648065867053867,0.004255911101430897,0.025535466608585383,True
SIG_HALLMARK_E2F_TARGETS,AMR,-0.055704846280993585,-0.3581585460063518,0.2467488534443646,0.15431594769652626,52,510,2,29,"CESC, THCA",4.862076570074111,1,79.43265628198945,True,0.43232927798568194,0.718115001365446,0.8577930081568251,False
SIG_HALLMARK_EPITHELIAL_MESENCHYMAL_TRANSITION,AFR,0.0014584669242649819,-0.1032963104249158,0.10621324427344575,0.05344729708069796,453,3196,11,20,"CESC, COAD, HNSC, KIRC, KIRP, LGG, LUAD, LUSC, PRAD, THCA, UCEC",17.459889496109305,10,42.72586889952332,True,0.14973715744937582,0.9782300714706803,0.9831821708729785,False
SIG_HALLMARK_EPITHELIAL_MESENCHYMAL_TRANSITION,ASIAN,0.13848232068662758,0.008022118211064355,0.2689425231621908,0.0665625508961474,353,1114,5,26,"BLCA, ESCA, LIHC, STAD, THCA",8.862994859979901,4,54.868528491857084,True,0.18648065867053867,0.0374811636870132,0.1499246547480528,False
SIG_HALLMARK_EPITHELIAL_MESENCHYMAL_TRANSITION,AMR,-0.03415305059191685,-0.33660675031727505,0.2683006491334413,0.15431594769652626,52,510,2,29,"CESC, THCA",1.9707422947355941,1,49.25769834689798,False,0.43232927798568194,0.8248440601249545,0.8890378109705581,False
SIG_HALLMARK_G2M_CHECKPOINT,AFR,-0.03445570722130203,-0.1392104845704828,0.07029907012787875,0.05344729708069796,453,3196,11,20,"CESC, COAD, HNSC, KIRC, KIRP, LGG, LUAD, LUSC, PRAD, THCA, UCEC",8.126358151234703,10,0.0,False,0.14973715744937582,0.5191430235212665,0.8329361994281945,False
SIG_HALLMARK_G2M_CHECKPOINT,ASIAN,0.19139683538530197,0.06093663290973875,0.32185703786086517,0.0665625508961474,353,1114,5,26,"BLCA, ESCA, LIHC, STAD, THCA",6.744241014209354,4,40.69013857048626,False,0.18648065867053867,0.0040346070989086096,0.025535466608585383,True
SIG_HALLMARK_G2M_CHECKPOINT,AMR,-0.06120762820872776,-0.36366132793408595,0.2412460715166304,0.15431594769652626,52,510,2,29,"CESC, THCA",3.431965510098907,1,70.86217804178398,True,0.43232927798568194,0.6916341426736919,0.8577930081568251,False
SIG_HALLMARK_HYPOXIA,AFR,0.07717248697539798,-0.027582290373782792,0.18192726432457876,0.05344729708069796,453,3196,11,20,"CESC, COAD, HNSC, KIRC, KIRP, LGG, LUAD, LUSC, PRAD, THCA, UCEC",25.06657136576753,10,60.106231306701076,True,0.14973715744937582,0.1487674502611118,0.37583355855438766,False
SIG_HALLMARK_HYPOXIA,ASIAN,0.1254725398090379,-0.004987662666525339,0.2559327422846011,0.0665625508961474,353,1114,5,26,"BLCA, ESCA, LIHC, STAD, THCA",4.012137572024104,4,0.3025213319886327,False,0.18648065867053867,0.059425514840863065,0.1789395205971565,False
SIG_HALLMARK_HYPOXIA,AMR,-0.30235361758416684,-0.604807317309525,0.00010008214119133774,0.15431594769652626,52,510,2,29,"CESC, THCA",3.2060071022408305,1,68.80855319063228,True,0.43232927798568194,0.05007585770141656,0.1789395205971565,False
SIG_HALLMARK_IL2_STAT5_SIGNALING,AFR,0.04559339774654248,-0.059161379602638293,0.15034817509572326,0.05344729708069796,453,3196,11,20,"CESC, COAD, HNSC, KIRC, KIRP, LGG, LUAD, LUSC, PRAD, THCA, UCEC",25.01405439283675,10,60.02247439398033,True,0.14973715744937582,0.393629699606012,0.7704525592550445,False
SIG_HALLMARK_IL2_STAT5_SIGNALING,ASIAN,0.2181234481754455,0.08766324569988226,0.3485836506510087,0.0665625508961474,353,1114,5,26,"BLCA, ESCA, LIHC, STAD, THCA",3.21224288707663,4,0.0,False,0.18648065867053867,0.0010492770855161891,0.020924495863359368,True
SIG_HALLMARK_IL2_STAT5_SIGNALING,AMR,-0.02244544069469196,-0.32489914042005014,0.28000825903066623,0.15431594769652626,52,510,2,29,"CESC, THCA",0.0004322253893733678,1,0.0,False,0.43232927798568194,0.8843546379537998,0.922804839603965,False
SIG_HALLMARK_IL6_JAK_STAT3_SIGNALING,AFR,0.019870009633176117,-0.08488476771600466,0.12462478698235689,0.05344729708069796,453,3196,11,20,"CESC, COAD, HNSC, KIRC, KIRP, LGG, LUAD, LUSC, PRAD, THCA, UCEC",22.44419748402832,10,55.445054308062595,True,0.14973715744937582,0.7100653835352875,0.8577930081568251,False
SIG_HALLMARK_IL6_JAK_STAT3_SIGNALING,ASIAN,0.20815924581071996,0.07769904333515673,0.3386194482862832,0.0665625508961474,353,1114,5,26,"BLCA, ESCA, LIHC, STAD, THCA",4.433426634094651,4,9.776334872927501,False,0.18648065867053867,0.0017643621265511365,0.020924495863359368,True
SIG_HALLMARK_IL6_JAK_STAT3_SIGNALING,AMR,0.0955790482571636,-0.2068746514681946,0.39803274798252175,0.15431594769652626,52,510,2,29,"CESC, THCA",0.06638597064828756,1,0.0,False,0.43232927798568194,0.535671019008908,0.8329361994281945,False
SIG_HALLMARK_INFLAMMATORY_RESPONSE,AFR,0.0011266467891695104,-0.10362813056001126,0.10588142413835029,0.05344729708069796,453,3196,11,20,"CESC, COAD, HNSC, KIRC, KIRP, LGG, LUAD, LUSC, PRAD, THCA, UCEC",17.932277339194464,10,44.23463450376677,True,0.14973715744937582,0.9831821708729784,0.9831821708729785,False
SIG_HALLMARK_INFLAMMATORY_RESPONSE,ASIAN,0.210429653908034,0.07996945143247078,0.34088985638359726,0.0665625508961474,353,1114,5,26,"BLCA, ESCA, LIHC, STAD, THCA",3.648979249440626,4,0.0,False,0.18648065867053867,0.0015702239508742642,0.020924495863359368,True
SIG_HALLMARK_INFLAMMATORY_RESPONSE,AMR,0.07890771300921039,-0.22354598671614778,0.3813614127345686,0.15431594769652626,52,510,2,29,"CESC, THCA",0.0016731627992517333,1,0.0,False,0.43232927798568194,0.6091139246378701,0.8353562395033647,False
SIG_HALLMARK_INTERFERON_ALPHA_RESPONSE,AFR,0.08892799465481142,-0.01582678269436935,0.1936827720039922,0.05344729708069796,453,3196,11,20,"CESC, COAD, HNSC, KIRC, KIRP, LGG, LUAD, LUSC, PRAD, THCA, UCEC",28.967561944221362,10,65.47862737203928,True,0.14973715744937582,0.09614349590431794,0.2714639884357212,False
SIG_HALLMARK_INTERFERON_ALPHA_RESPONSE,ASIAN,0.12718288577385573,-0.0032773167017075,0.25764308824941895,0.0665625508961474,353,1114,5,26,"BLCA, ESCA, LIHC, STAD, THCA",0.7076939675314622,4,0.0,False,0.18648065867053867,0.056039629530501574,0.1789395205971565,False
SIG_HALLMARK_INTERFERON_ALPHA_RESPONSE,AMR,0.10650892589127663,-0.19594477383408154,0.4089626256166348,0.15431594769652626,52,510,2,29,"CESC, THCA",0.12500938822785473,1,0.0,False,0.43232927798568194,0.4900681838139459,0.8329361994281945,False
SIG_HALLMARK_INTERFERON_GAMMA_RESPONSE,AFR,0.045608881211558844,-0.05914589613762193,0.15036365856073963,0.05344729708069796,453,3196,11,20,"CESC, COAD, HNSC, KIRC, KIRP, LGG, LUAD, LUSC, PRAD, THCA, UCEC",29.619988525064883,10,66.23901460482388,True,0.14973715744937582,0.393469075494133,0.7704525592550445,False
SIG_HALLMARK_INTERFERON_GAMMA_RESPONSE,ASIAN,0.19931405997907323,0.06885385750351,0.3297742624546365,0.0665625508961474,353,1114,5,26,"BLCA, ESCA, LIHC, STAD, THCA",1.543709229410984,4,0.0,False,0.18648065867053867,0.00274996587682338,0.02199972701458704,True
SIG_HALLMARK_INTERFERON_GAMMA_RESPONSE,AMR,0.1294868543335219,-0.1729668453918363,0.4319405540588801,0.15431594769652626,52,510,2,29,"CESC, THCA",0.1688062951326435,1,0.0,False,0.43232927798568194,0.40141195029472054,0.7704525592550445,False
SIG_HALLMARK_MYC_TARGETS_V1,AFR,0.041871768037786625,-0.06288300931139415,0.1466265453869674,0.05344729708069796,453,3196,11,20,"CESC, COAD, HNSC, KIRC, KIRP, LGG, LUAD, LUSC, PRAD, THCA, UCEC",13.543383508873328,10,26.163207344396476,False,0.14973715744937582,0.4333795645809625,0.7704525592550445,False
SIG_HALLMARK_MYC_TARGETS_V1,ASIAN,0.1815817498492421,0.05112154737367888,0.31204195232480536,0.0665625508961474,353,1114,5,26,"BLCA, ESCA, LIHC, STAD, THCA",14.217324282919309,4,71.86531079687336,True,0.18648065867053867,0.006372218797502977,0.03398516692001588,True
SIG_HALLMARK_MYC_TARGETS_V1,AMR,-0.08350780425124031,-0.3859615039765985,0.21894589547411786,0.15431594769652626,52,510,2,29,"CESC, THCA",0.37930789623207806,1,0.0,False,0.43232927798568194,0.5884054070536378,0.8353562395033647,False
SIG_HALLMARK_TGF_BETA_SIGNALING,AFR,0.060982908205696996,-0.04377186914348378,0.16573768555487778,0.05344729708069796,453,3196,11,20,"CESC, COAD, HNSC, KIRC, KIRP, LGG, LUAD, LUSC, PRAD, THCA, UCEC",20.67427639135574,10,51.630713401020564,True,0.14973715744937582,0.2538734871590257,0.6092963691816616,False
SIG_HALLMARK_TGF_BETA_SIGNALING,ASIAN,0.12536374787023644,-0.005096454605326789,0.25582395034579963,0.0665625508961474,353,1114,5,26,"BLCA, ESCA, LIHC, STAD, THCA",4.02916537724456,4,0.7238565438211264,False,0.18648065867053867,0.05964650686571883,0.1789395205971565,False
SIG_HALLMARK_TGF_BETA_SIGNALING,AMR,-0.22750609631761964,-0.5299597960429778,0.07494760340773854,0.15431594769652626,52,510,2,29,"CESC, THCA",1.6428290415342035,1,39.129393581567015,False,0.43232927798568194,0.14040415818501625,0.3744110884933767,False
SIG_HALLMARK_TNFA_SIGNALING_VIA_NFKB,AFR,0.024962669778306475,-0.0797921075708743,0.12971744712748726,0.05344729708069796,453,3196,11,20,"CESC, COAD, HNSC, KIRC, KIRP, LGG, LUAD, LUSC, PRAD, THCA, UCEC",18.63054450075844,10,46.32470350186005,True,0.14973715744937582,0.6404626375947067,0.8539501834596089,False
SIG_HALLMARK_TNFA_SIGNALING_VIA_NFKB,ASIAN,0.14321960385086138,0.012759401375298157,0.27367980632642464,0.0665625508961474,353,1114,5,26,"BLCA, ESCA, LIHC, STAD, THCA",3.0854091215802697,4,0.0,False,0.18648065867053867,0.03142458609168542,0.13712546658190003,False
SIG_HALLMARK_TNFA_SIGNALING_VIA_NFKB,AMR,-0.12286584404560984,-0.42531954377096803,0.17958785567974833,0.15431594769652626,52,510,2,29,"CESC, THCA",0.7761906727986247,1,0.0,False,0.43232927798568194,0.4259177314137518,0.7704525592550445,False
